<?xml version="1.0" encoding="utf-8"?>
<!-- Copyright (c) 2015-Present Webkul Software Pvt. Ltd. (<https://webkul.com/>) -->
<!-- See LICENSE file for full copyright and licensing details. -->
<!-- "License URL : <https://store.webkul.com/license.html/>" -->
<odoo>
    <data noupdate="1">
        <function model="ir.config_parameter" name="set_param" eval="('account.group_order_global_discount', True)"/>

        <function model="ir.config_parameter" name="set_param" eval="('account.global_discount_tax', 'untax')"/>

        <record id="demo_global_invoice_discount_account" model="account.account">
            <field name="name">Global Invoice Discount</field>
            <field name="code">900901</field>
<!--            <field name="user_type_id" ref="account.data_account_type_liquidity"/>-->
            <field name="reconcile" eval="True"/>
        </record>

        <record id="demo_global_bill_discount_account" model="account.account">
            <field name="name">Global Bill Discount</field>
            <field name="code">900902</field>
<!--            <field name="user_type_id" ref="account.data_account_type_liquidity"/>-->
            <field name="reconcile" eval="True"/>
        </record>

        <record id="base.main_company" model="res.company">
            <field name="discount_account_invoice" ref="demo_global_invoice_discount_account"/>
            <field name="discount_account_bill" ref="demo_global_bill_discount_account"/>
        </record>

        <record id="base.user_admin" model="res.users">
            <field name="groups_id" eval="[(4, ref('product.group_discount_per_so_line')), (4, ref('discount_account_invoice.group_order_global_discount'))]"/>
        </record>
    </data>
</odoo>
