<?xml version="1.0" encoding="utf-8"?>
<!-- Copyright (c) 2015-Present Webkul Software Pvt. Ltd. (<https://webkul.com/>) -->
<!-- See LICENSE file for full copyright and licensing details. -->
<!-- "License URL : <https://store.webkul.com/license.html/>" -->
<odoo>
    <data>
        <record id="group_order_global_discount" model="res.groups">
            <field name="name">A Global Discount on Invoices/Bills</field>
            <field name="category_id" ref="base.module_category_hidden"/>
        </record>
    </data>
</odoo>
